"";"";"";""
"";"";"";""
"";"";"";""
"";"";"";""
"";"";"";""
"";"";"";""
"";"";"";""
"";"";"";""
"";"";"";""
"";"";"";""
"abarnes";"Anne-Louise";"+1 408 555 9445";"abarnes@example.com"
"abergin";"Andy";"+1 408 555 8585";"abergin@example.com"
"achassin";"Ashley";"+1 408 555 9972";"achassin@example.com"
"ahall";"Andy";"+1 408 555 6169";"ahall@example.com"
"ahel";"Andrew";"+1 408 555 2666";"ahel@example.com"
"ahunter";"Allison";"+1 408 555 7713";"ahunter@example.com"
"ajensen";"Allison";"+1 408 555 7892";"ajensen@example.com"
"aknutson";"Ashley";"+1 408 555 2169";"aknutson@example.com"
"alangdon";"Andrew";"+1 408 555 8289";"alangdon@example.com"
"alutz";"Alexander";"+1 408 555 6505";"alutz@example.com"
"ashelton";"Alexander";"+1 408 555 1081";"ashelton@example.com"
"awalker";"Andy";"+1 408 555 9199";"awalker@example.com"
"awhite";"Alan";"+1 408 555 3232";"awhite@example.com"
"aworrell";"Alan";"+1 408 555 1591";"aworrell@example.com"
"bfrancis";"Barbara";"+1 408 555 9111";"bfrancis@example.com"
"bfree";"Bjorn";"+1 408 555 8588";"bfree@example.com"
"bhal2";"Barbara";"+1 408 555 4491";"bhal2@example.com"
"bhall";"Benjamin";"+1 408 555 6067";"bhall@example.com"
"bjablons";"Barbara";"+1 408 555 8815";"bjablons@example.com"
"bjense2";"Bjorn";"+1 408 555 5655";"bjense2@example.com"
"bjensen";"Barbara";"+1 408 555 1862";"bjensen@example.com"
"bmaddox";"Barbara";"+1 408 555 7783";"bmaddox@example.com"
"bparker";"Barry";"+1 408 555 4647";"bparker@example.com"
"bplante";"Brian";"+1 408 555 3550";"bplante@example.com"
"brentz";"Bertram";"+1 408 555 5526";"brentz@example.com"
"brigden";"Bjorn";"+1 408 555 5263";"brigden@example.com"
"bschneid";"Benjamin";"+1 408 555 1012";"bschneid@example.com"
"btalbo2";"Bjorn";"+1 408 555 4234";"btalbo2@example.com"
"btalbot";"Brad";"+1 408 555 4992";"btalbot@example.com"
"bwalker";"Brad";"+1 408 555 5476";"bwalker@example.com"
"calexand";"Chris";"+1 408 555 9438";"calexand@example.com"
"charvey";"Cecil";"+1 408 555 1815";"charvey@example.com"
"cnewport";"Christoph";"+1 408 555 0066";"cnewport@example.com"
"cschmith";"Chris";"+1 408 555 8011";"cschmith@example.com"
"cwallace";"Cecil";"+1 408 555 6438";"cwallace@example.com"
"dakers";"David";"+1 408 555 4812";"dakers@example.com"
"dcope";"Dan";"+1 408 555 9813";"dcope@example.com"
"dlangdon";"Dan";"+1 408 555 7044";"dlangdon@example.com"
"dlanoway";"Dan";"+1 408 555 2017";"dlanoway@example.com"
"dmiller";"David";"+1 408 555 9423";"dmiller@example.com"
"drose";"David";"+1 408 555 3963";"drose@example.com"
"dsmith";"Daniel";"+1 408 555 9519";"dsmith@example.com"
"dswain";"Dietrich";"+1 408 555 9222";"dswain@example.com"
"dthorud";"David";"+1 408 555 6185";"dthorud@example.com"
"dward";"Daniel";"+1 408 555 5322";"dward@example.com"
"ealexand";"Erin";"+1 408 555 5563";"ealexand@example.com"
"ecruse";"Eric";"+1 408 555 0648";"ecruse@example.com"
"ejohnson";"Emanuel";"+1 408 555 3287";"ejohnson@example.com"
"ekohler";"Elba";"+1 408 555 1926";"ekohler@example.com"
"elott";"Emanuel";"+1 408 555 0932";"elott@example.com"
"ewalker";"Eric";"+1 408 555 6387";"ewalker@example.com"
"eward";"Eric";"+1 408 555 2320";"eward@example.com"
"falbers";"Frank";"+1 408 555 3094";"falbers@example.com"
"gfarmer";"Gern";"+1 408 555 6201";"gfarmer@example.com"
"gjensen";"Gern";"+1 408 555 3299";"gjensen@example.com"
"gtriplet";"Gern";"+1 408 555 2582";"gtriplet@example.com"
"gtyler";"Gern";"+1 408 555 1020";"gtyler@example.com"
"hmiller";"Harry";"+1 408 555 9804";"hmiller@example.com"
"jbourke";"Jon";"+1 408 555 8541";"jbourke@example.com"
"jbrown";"Judy";"+1 408 555 6885";"jbrown@example.com"
"jburrell";"James";"+1 408 555 0751";"jburrell@example.com"
"jcampai2";"Jeffrey";"+1 408 555 7393";"jcampai2@example.com"
"jcampaig";"Jody";"+1 408 555 1660";"jcampaig@example.com"
"jcruse";"Jim";"+1 408 555 9482";"jcruse@example.com"
"jfalena";"John";"+1 408 555 8133";"jfalena@example.com"
"jgoldste";"Jon";"+1 408 555 5769";"jgoldste@example.com"
"jhunter";"Janet";"+1 408 555 7665";"jhunter@example.com"
"jjensen";"Jody";"+1 408 555 7587";"jjensen@example.com"
"jlange";"Jim";"+1 408 555 0488";"jlange@example.com"
"jlut2";"James";"+1 408 555 9689";"jlut2@example.com"
"jlutz";"Janet";"+1 408 555 4902";"jlutz@example.com"
"jmcFarla";"Judy";"+1 408 555 2567";"jmcFarla@example.com"
"jmuffly";"Jeff";"+1 408 555 5287";"jmuffly@example.com"
"jrent2";"Judy";"+1 408 555 2523";"jrent2@example.com"
"jrentz";"Jody";"+1 408 555 5829";"jrentz@example.com"
"jreuter";"Jayne";"+1 408 555 1122";"jreuter@example.com"
"jvaughan";"Jeff";"+1 408 555 4543";"jvaughan@example.com"
"jvedder";"Jeff";"+1 408 555 4668";"jvedder@example.com"
"jwalker";"John";"+1 408 555 1476";"jwalker@example.com"
"jwallace";"Judy";"+1 408 555 0319";"jwallace@example.com"
"kcarter";"Karen";"+1 408 555 4675";"kcarter@example.com"
"kcope";"Karl";"+1 408 555 2709";"kcope@example.com"
"kjensen";"Kurt";"+1 408 555 6127";"kjensen@example.com"
"kmcinnis";"Kelly";"+1 408 555 8596";"kmcinnis@example.com"
"kschmith";"Kelly";"+1 408 555 9749";"kschmith@example.com"
"kvaughan";"Kirsten";"+1 408 555 5625";"kvaughan@example.com"
"kwinters";"Kelly";"+1 408 555 9069";"kwinters@example.com"
"lcampbel";"Laurel";"+1 408 555 2537";"lcampbel@example.com"
"llabonte";"Lee";"+1 408 555 0957";"llabonte@example.com"
"lrentz";"Lex";"+1 408 555 2019";"lrentz@example.com"
"lstockto";"Lee";"+1 408 555 0518";"lstockto@example.com"
"lulrich";"Lee";"+1 408 555 8652";"lulrich@example.com"
"mcarter";"Mike";"+1 408 555 1846";"mcarter@example.com"
"mjablons";"Morgan";"+1 408 555 0813";"mjablons@example.com"
"mlangdon";"Marcus";"+1 408 555 6249";"mlangdon@example.com"
"mlott";"Mike";"+1 408 555 2234";"mlott@example.com"
"mmcinnis";"Marcus";"+1 408 555 9655";"mmcinnis@example.com"
"mreuter";"Matthew";"+1 408 555 6879";"mreuter@example.com"
"mschneid";"Martin";"+1 408 555 5017";"mschneid@example.com"
"mtalbot";"Martin";"+1 408 555 9228";"mtalbot@example.com"
"mtyler";"Matthew";"+1 408 555 7907";"mtyler@example.com"
"mvaughan";"Matthew";"+1 408 555 4692";"mvaughan@example.com"
"mward";"Marcus";"+1 408 555 5688";"mward@example.com"
"mwhite";"Morgan";"+1 408 555 9620";"mwhite@example.com"
"pchassin";"Peter";"+1 408 555 2816";"pchassin@example.com"
"pcruse";"Patricia";"+1 408 555 8641";"pcruse@example.com"
"phun2";"Pete";"+1 408 555 0342";"phun2@example.com"
"phunt";"Philip";"+1 408 555 1242";"phunt@example.com"
"plorig";"Peter";"+1 408 555 0624";"plorig@example.com"
"polfield";"Peter";"+1 408 555 8231";"polfield@example.com"
"prigden";"Peter";"+1 408 555 5099";"prigden@example.com"
"prose";"Paula";"+1 408 555 9998";"prose@example.com"
"pshelton";"Patricia";"+1 408 555 6442";"pshelton@example.com"
"ptyler";"Pete";"+1 408 555 3335";"ptyler@example.com"
"pworrell";"Pete";"+1 408 555 1637";"pworrell@example.com"
"rbannist";"Richard";"+1 408 555 1833";"rbannist@example.com"
"rdaugherty";"Robert";"+1 408 555 1296";"rdaugherty@example.com"
"rfish";"Randy";"+1 408 555 9865";"rfish@example.com"
"rfisher";"Randy";"+1 408 555 1506";"rfisher@example.com"
"rfrancis";"Richard";"+1 408 555 8157";"rfrancis@example.com"
"rhunt";"Richard";"+1 408 555 0139";"rhunt@example.com"
"rjense2";"Randy";"+1 408 555 9045";"rjense2@example.com"
"rjensen";"Richard";"+1 408 555 5957";"rjensen@example.com"
"rmills";"Randy";"+1 408 555 2072";"rmills@example.com"
"rschneid";"Rachel";"+1 408 555 9908";"rschneid@example.com"
"rulrich";"Randy";"+1 408 555 5311";"rulrich@example.com"
"scarte2";"Stephen";"+1 408 555 6022";"scarte2@example.com"
"scarter";"Sam";"+1 408 555 4798";"scarter@example.com"
"sfarmer";"Scott";"+1 408 555 4228";"sfarmer@example.com"
"skellehe";"Sue";"+1 408 555 3480";"skellehe@example.com"
"slee";"Scott";"+1 408 555 2335";"slee@example.com"
"smason";"Sue";"+1 408 555 9780";"smason@example.com"
"speterso";"Sue";"+1 408 555 3613";"speterso@example.com"
"striplet";"Stephen";"+1 408 555 4519";"striplet@example.com"
"tclow";"Torrey";"+1 408 555 8825";"tclow@example.com"
"tcouzens";"Trent";"+1 408 555 8401";"tcouzens@example.com"
"tcruse";"Tobias";"+1 408 555 5980";"tcruse@example.com"
"tjames";"Tobias";"+1 408 555 2458";"tjames@example.com"
"tjensen";"Ted";"+1 408 555 8622";"tjensen@example.com"
"tkelly";"Timothy";"+1 408 555 4295";"tkelly@example.com"
"tlabonte";"Tim";"+1 408 555 0058";"tlabonte@example.com"
"tmason";"Torrey";"+1 408 555 1596";"tmason@example.com"
"tmorris";"Ted";"+1 408 555 9187";"tmorris@example.com"
"tpierce";"Tobias";"+1 408 555 1531";"tpierce@example.com"
"trigden";"Torrey";"+1 408 555 9280";"trigden@example.com"
"tschmith";"Tobias";"+1 408 555 9626";"tschmith@example.com"
"tschneid";"Torrey";"+1 408 555 7086";"tschneid@example.com"
"ttully";"Torrey";"+1 408 555 2274";"ttully@example.com"
"tward";"Tobias";"+1 408 555 7202";"tward@example.com"
"wlutz";"Wendy";"+1 408 555 3358";"wlutz@example.com"
"";"";"";""
